benchmark_run,run_index,repetition,requested_source_seconds,actual_source_seconds,reference_seconds,diffusion_steps,submission_seconds,job_seconds,download_seconds,end_to_end_seconds,output_seconds,real_time_factor,output_bytes,peak_amplitude,rms_amplitude,success,error,started_at_utc
paper_baseline,1,1,1.0,1.0,8.0,10,0.011873958996147849,6.5445987499988405,0.0035869160055881366,6.5600596250005765,0.9984580498866213,6.570190531034825,88108,1.0,0.21594539262979864,true,,2026-09-08T09:45:44.506061+00:00
paper_baseline,2,1,10.0,10.0,8.0,25,0.010990833005052991,26.939118041991605,0.007061333002639003,26.957170207999297,9.996190476190476,2.696744351981637,881708,1.0,0.20960338974303983,true,,2026-09-08T09:45:51.105282+00:00
paper_baseline,3,1,30.0,30.0,8.0,5,0.021791749997646548,38.22179395800049,0.008700833001057617,38.252286540999194,29.98857142857143,1.2755621464700568,2645036,1.0,0.2995515821837048,true,,2026-09-08T09:46:18.108286+00:00
paper_baseline,4,1,1.0,1.0,8.0,1,0.008031999997911043,3.1749288749997504,0.005509417009307072,3.1884702920069685,0.9984580498866213,3.193394346782052,88108,1.0,0.4596041615324517,true,,2026-09-08T09:46:56.434086+00:00
paper_baseline,5,1,20.0,20.0,8.0,25,0.017623542007640935,49.57028216699837,0.006582582995179109,49.59448829200119,19.99238095238095,2.4806694315263553,1763372,1.0,0.22319725325398146,true,,2026-09-08T09:46:59.662062+00:00
paper_baseline,6,1,30.0,30.0,8.0,10,0.015227625000989065,46.50882608399843,0.011100750009063631,46.53515445900848,29.98857142857143,1.5517629630957477,2645036,1.0,0.26581021377439246,true,,2026-09-08T09:47:49.335923+00:00
paper_baseline,7,1,20.0,20.0,8.0,10,0.016137709011672996,33.83604983300029,0.007876874995417893,33.86006441700738,19.99238095238095,1.6936484202485589,1763372,1.0,0.256937657146997,true,,2026-09-08T09:48:35.945687+00:00
paper_baseline,8,1,5.0,5.0,8.0,5,0.011277249999693595,10.506228167010704,0.0035260000004200265,10.521031417010818,4.992290249433107,2.107455875227912,440364,1.0,0.2692508032627704,true,,2026-09-08T09:49:09.848597+00:00
paper_baseline,9,1,30.0,30.0,8.0,50,0.0202402080030879,130.48326549999183,0.06543750000128057,130.5689432079962,29.98857142857143,4.353956757126397,2645036,1.0,0.20662093448830607,true,,2026-09-08T09:49:20.443199+00:00
paper_baseline,10,1,1.0,1.0,8.0,25,0.022057624999433756,11.656522040997515,0.0053978340001776814,11.683977499997127,0.9984580498866213,11.702021433272922,88108,1.0,0.16329460736833587,true,,2026-09-08T09:51:31.230474+00:00
paper_baseline,11,1,30.0,30.0,8.0,1,0.03026008399319835,31.093598791005206,0.009511458993074484,31.13337033399148,29.98857142857143,1.0381745061830239,2645036,1.0,0.46704525610215913,true,,2026-09-08T09:51:42.982557+00:00
paper_baseline,12,1,3.0,3.0,8.0,50,0.01054975000442937,23.60512741599814,0.007004583996604197,23.622681749999174,2.995374149659864,7.88638766635601,264236,1.0,0.17269296623468341,true,,2026-09-08T09:52:14.196647+00:00
paper_baseline,13,1,3.0,3.0,8.0,5,0.011573041992960498,6.182240666006692,0.004917500002193265,6.1987312080018455,2.995374149659864,2.0694347010725638,264236,1.0,0.2497161214242658,true,,2026-09-08T09:52:37.863203+00:00
paper_baseline,14,1,3.0,3.0,8.0,25,0.015518375003011897,14.289309125000727,0.003732333003426902,14.308559833007166,2.995374149659864,4.776885663726502,264236,1.0,0.19854712490821097,true,,2026-09-08T09:52:44.110375+00:00
paper_baseline,15,1,10.0,10.0,8.0,10,0.013591082999482751,19.692032125007245,0.006160166987683624,19.71178337499441,9.996190476190476,1.9719295487561102,881708,1.0,0.2419471040705409,true,,2026-09-08T09:52:58.452363+00:00
paper_baseline,16,1,5.0,5.0,8.0,50,0.013364457990974188,28.7390357080003,0.004903249995550141,28.757303415986826,4.992290249433107,5.760342844499541,440364,1.0,0.1888788389158878,true,,2026-09-08T09:53:18.210977+00:00
paper_baseline,17,1,5.0,5.0,8.0,10,0.009835542005021125,11.261183249996975,0.005058124996139668,11.276076916998136,4.992290249433107,2.258698183319485,440364,1.0,0.24810564909471824,true,,2026-09-08T09:53:47.032939+00:00
paper_baseline,18,1,1.0,1.0,8.0,5,0.00985141699493397,5.111376792003284,0.0032035829935921356,5.12443179199181,0.9984580498866213,5.132345612891506,88108,1.0,0.272122635581865,true,,2026-09-08T09:53:58.360387+00:00
paper_baseline,19,1,20.0,20.0,8.0,1,0.012612457998329774,24.08856437499344,0.008031833000131883,24.1092086659919,19.99238095238095,1.2059198313305781,1763372,1.0,0.4612517073700723,true,,2026-09-08T09:54:03.531465+00:00
paper_baseline,20,1,20.0,20.0,8.0,5,0.013324083993211389,24.910806125000818,0.006112208007834852,24.930242417001864,19.99238095238095,1.2469871635790757,1763372,1.0,0.2737336745816068,true,,2026-09-08T09:54:27.682439+00:00
paper_baseline,21,1,10.0,10.0,8.0,50,0.01642487500794232,45.11311249999562,0.0056592089968035,45.13519658400037,9.996190476190476,4.515239749733269,881708,1.0,0.19255124466683354,true,,2026-09-08T09:54:52.651194+00:00
paper_baseline,22,1,10.0,10.0,8.0,1,0.011963166994974017,11.355639583009179,0.005548249988351017,11.373150999992504,9.996190476190476,1.1377485280099209,881708,1.0,0.4767632122173177,true,,2026-09-08T09:55:37.857417+00:00
paper_baseline,23,1,1.0,1.0,8.0,50,0.012926416005939245,18.41062024999701,0.0033548339997651055,18.426901500002714,0.9984580498866213,18.455358742508167,88108,0.999969482421875,0.15588876394111198,true,,2026-09-08T09:55:49.279691+00:00
paper_baseline,24,1,3.0,3.0,8.0,1,0.01692279099370353,5.848845458996948,0.004068833004566841,5.869837082995218,2.995374149659864,1.9596340188960235,264236,1.0,0.4475098646427552,true,,2026-09-08T09:56:07.750492+00:00
paper_baseline,25,1,3.0,3.0,8.0,10,0.00843212500330992,8.200213832998998,0.0035794169962173328,8.212225374998525,2.995374149659864,2.7416359241569386,264236,1.0,0.22130927283391175,true,,2026-09-08T09:56:13.655776+00:00
paper_baseline,26,1,5.0,5.0,8.0,25,0.012927417003083974,19.424742082992452,0.004410875000758097,19.442080374996294,4.992290249433107,3.8944210780220594,440364,1.0,0.21232830421175378,true,,2026-09-08T09:56:21.921071+00:00
paper_baseline,27,1,20.0,20.0,8.0,50,0.015137624999624677,82.71980429100222,0.00990674999775365,82.7448486659996,19.99238095238095,4.138819126300476,1763372,1.0,0.2143457257950681,true,,2026-09-08T09:56:41.429651+00:00
paper_baseline,28,1,10.0,10.0,8.0,5,0.013735375003307126,16.077198874991154,0.005357165995519608,16.09629141598998,9.996190476190476,1.610242567338937,881708,1.0,0.2704950765768423,true,,2026-09-08T09:58:04.223096+00:00
paper_baseline,29,1,30.0,30.0,8.0,25,0.016724166998756118,82.67534145800164,0.023726667001028545,82.71579229200142,29.98857142857143,2.7582438359566024,2645036,1.0,0.23625474470644084,true,,2026-09-08T09:58:20.365243+00:00
paper_baseline,30,1,5.0,5.0,8.0,1,0.020594375004293397,7.941021833990817,0.003177125006914139,7.9647933340020245,4.992290249433107,1.5954187228810377,440364,1.0,0.4835659578877853,true,,2026-09-08T09:59:43.172697+00:00
paper_baseline,31,2,5.0,5.0,8.0,25,0.009609750006347895,17.813887291995343,0.004268542004865594,17.827765584006556,4.992290249433107,3.571059512421371,440364,1.0,0.20630090070639562,true,,2026-09-08T09:59:51.172626+00:00
paper_baseline,32,2,10.0,10.0,8.0,1,0.01139370798773598,13.17670308300876,0.004776874993694946,13.192873665990192,9.996190476190476,1.319790143796656,881708,1.0,0.46347546342895707,true,,2026-09-08T10:00:09.040223+00:00
paper_baseline,33,2,3.0,3.0,8.0,10,0.009217792001436464,8.652279375004582,0.0056238749966723844,8.667121042002691,2.995374149659864,2.893501983045048,264236,1.0,0.22018101581119195,true,,2026-09-08T10:00:22.271470+00:00
paper_baseline,34,2,3.0,3.0,8.0,25,0.009851250011706725,13.423669291994884,0.0025417080032639205,13.436062250009854,2.995374149659864,4.485603994257469,264236,1.0,0.1836612316826309,true,,2026-09-08T10:00:30.981674+00:00
paper_baseline,35,2,30.0,30.0,8.0,1,0.01672608300577849,38.25446208300127,0.014208291991963051,38.28539645799901,29.98857142857143,1.2766662309736714,2645036,1.0,0.4763166052686809,true,,2026-09-08T10:00:44.451548+00:00
paper_baseline,36,2,3.0,3.0,8.0,50,0.013651333007146604,23.04173162499501,0.006102291998104192,23.06148525000026,2.995374149659864,7.699033275231736,264236,0.999969482421875,0.17609365046137385,true,,2026-09-08T10:01:22.780874+00:00
paper_baseline,37,2,1.0,1.0,8.0,50,0.015403958997922018,18.042026665993035,0.006812167004682124,18.06424279199564,0.9984580498866213,18.09213996927252,88108,0.955718994140625,0.1590029892057155,true,,2026-09-08T10:01:45.890811+00:00
paper_baseline,38,2,1.0,1.0,8.0,1,0.011257542006205767,3.0660049579892075,0.004225417011184618,3.081487917006598,0.9984580498866213,3.086246755541219,88108,1.0,0.43712819039021017,true,,2026-09-08T10:02:04.000460+00:00
paper_baseline,39,2,30.0,30.0,8.0,25,0.01937295800598804,83.04767129200627,0.01822262498899363,83.08526687500125,29.98857142857143,2.7705643489186773,2645036,1.0,0.22954934192034465,true,,2026-09-08T10:02:07.127862+00:00
paper_baseline,40,2,5.0,5.0,8.0,10,0.013339916011318564,11.221058541996172,0.010737542004790157,11.24513600001228,4.992290249433107,2.2525004433164133,440364,1.0,0.24693836515277148,true,,2026-09-08T10:03:30.258775+00:00
paper_baseline,41,2,20.0,20.0,8.0,1,0.017374791990732774,23.72372858300514,0.011404709002817981,23.75250808399869,19.99238095238095,1.1880780053448279,1763372,1.0,0.45501195220047314,true,,2026-09-08T10:03:41.553575+00:00
paper_baseline,42,2,3.0,3.0,8.0,5,0.012144457999966107,6.547978457994759,0.005692833990906365,6.5658157499856316,2.995374149659864,2.1919851817948035,264236,1.0,0.2499393765588375,true,,2026-09-08T10:04:05.358287+00:00
paper_baseline,43,2,1.0,1.0,8.0,5,0.01635566700133495,4.809548125005676,0.004427833002409898,4.830331625009421,0.9984580498866213,4.8377912577878694,88108,1.0,0.2753630956489218,true,,2026-09-08T10:04:11.981396+00:00
paper_baseline,44,2,3.0,3.0,8.0,1,0.008282916998723522,4.925392916004057,0.004664709005737677,4.938340542008518,2.995374149659864,1.648655658782822,264236,1.0,0.43963761375039273,true,,2026-09-08T10:04:16.863270+00:00
paper_baseline,45,2,20.0,20.0,8.0,50,0.017138791998149827,78.44616470800247,0.011033208997105248,78.47433670899773,19.99238095238095,3.9252121543658354,1763372,1.0,0.20498261386076863,true,,2026-09-08T10:04:21.843350+00:00
paper_baseline,46,2,10.0,10.0,8.0,25,0.01821312498941552,28.7385779160104,0.00579770898912102,28.762588749988936,9.996190476190476,2.87735501024089,881708,1.0,0.2090467525226085,true,,2026-09-08T10:05:40.367824+00:00
paper_baseline,47,2,30.0,30.0,8.0,10,0.02023633300268557,59.61195104199578,0.0103815000038594,59.642568875002326,29.98857142857143,1.9888432837510301,2645036,1.0,0.2676268313719355,true,,2026-09-08T10:06:09.187258+00:00
paper_baseline,48,2,10.0,10.0,8.0,10,0.018814708993886597,18.742469165998045,0.004683459002990276,18.765967333994922,9.996190476190476,1.8773118998375256,881708,1.0,0.25216587016470965,true,,2026-09-08T10:07:08.916153+00:00
paper_baseline,49,2,10.0,10.0,8.0,5,0.014355500010424294,13.389211166999303,0.003853665999486111,13.407420333009213,9.996190476190476,1.3412529868197098,881708,1.0,0.2608821611502989,true,,2026-09-08T10:07:27.732425+00:00
paper_baseline,50,2,20.0,20.0,8.0,25,0.016441625004517846,52.18377025000518,0.008596125000622123,52.20880800001032,19.99238095238095,2.6114352324700287,1763372,1.0,0.2189109616797606,true,,2026-09-08T10:07:41.181722+00:00
paper_baseline,51,2,5.0,5.0,8.0,1,0.010180083001614548,7.084656667007948,0.011667250000755303,7.106504000010318,4.992290249433107,1.4234957594497413,440364,1.0,0.49758527767243416,true,,2026-09-08T10:08:33.430827+00:00
paper_baseline,52,2,1.0,1.0,8.0,10,0.011275124998064712,6.638332250004169,0.005647625002893619,6.655255000005127,0.9984580498866213,6.665532919245687,88108,1.0,0.20447897364901538,true,,2026-09-08T10:08:40.596307+00:00
paper_baseline,53,2,1.0,1.0,8.0,25,0.013196125000831671,10.239729749999242,0.0038747499929741025,10.256800624993048,0.9984580498866213,10.272640524214058,88108,1.0,0.18172890101225822,true,,2026-09-08T10:08:47.302170+00:00
paper_baseline,54,2,30.0,30.0,8.0,5,0.01840112499485258,42.358484500000486,0.014221916004316881,42.391107540999656,29.98857142857143,1.4135754229563529,2645036,1.0,0.3056576635871414,true,,2026-09-08T10:08:57.606643+00:00
paper_baseline,55,2,20.0,20.0,8.0,5,0.028122124989749864,27.902136041011545,0.0052203340019332245,27.935478500003228,19.99238095238095,1.3973062321362133,1763372,1.0,0.2936066411228378,true,,2026-09-08T10:09:40.048611+00:00
paper_baseline,56,2,5.0,5.0,8.0,5,0.01286566600902006,8.939745541996672,0.005842250000569038,8.958453458006261,4.992290249433107,1.7944576557870462,440364,1.0,0.3186206555212885,true,,2026-09-08T10:10:08.027276+00:00
paper_baseline,57,2,20.0,20.0,8.0,10,0.014099124993663281,31.164069749996997,0.008612375007942319,31.186781249998603,19.99238095238095,1.559933322813383,1763372,1.0,0.2592462056142725,true,,2026-09-08T10:10:17.028614+00:00
paper_baseline,58,2,10.0,10.0,8.0,50,0.015773708990309387,45.35591062500316,0.006100041005993262,45.377784374999464,9.996190476190476,4.539507773794726,881708,1.0,0.19520566496793437,true,,2026-09-08T10:10:48.275061+00:00
paper_baseline,59,2,5.0,5.0,8.0,50,0.011998082991340198,28.558800708007766,0.006108166999183595,28.57690695799829,4.992290249433107,5.724207834519097,440364,1.0,0.17665014822829386,true,,2026-09-08T10:11:33.705073+00:00
paper_baseline,60,2,30.0,30.0,8.0,50,0.017469541999162175,129.62069487500412,0.036110291999648325,129.67427470900293,29.98857142857143,4.324123108627194,2645036,1.0,0.20773968856062947,true,,2026-09-08T10:12:02.335377+00:00
paper_baseline,61,3,10.0,10.0,8.0,25,0.02333491700119339,29.448255499999505,0.005012541005271487,29.47660295800597,9.996190476190476,2.948783641949911,881708,1.0,0.21192494751541152,true,,2026-09-08T10:14:12.082383+00:00
paper_baseline,62,3,30.0,30.0,8.0,5,0.03509516699705273,42.66131250000035,0.009389625003677793,42.70579729200108,29.98857142857143,1.424069078906286,2645036,1.0,0.28781308321160365,true,,2026-09-08T10:14:41.608264+00:00
paper_baseline,63,3,20.0,20.0,8.0,1,0.02033487500739284,24.95154312500381,0.006753790992661379,24.978631791003863,19.99238095238095,1.2494075543327963,1763372,1.0,0.4589983978388769,true,,2026-09-08T10:15:24.364517+00:00
paper_baseline,64,3,30.0,30.0,8.0,50,0.027487125000334345,125.11802995900507,0.023588540992932394,125.16910562499834,29.98857142857143,4.173893575528718,2645036,1.0,0.20574882015998333,true,,2026-09-08T10:15:49.383979+00:00
paper_baseline,65,3,1.0,1.0,8.0,1,0.02351779099262785,4.262567958998261,0.0052975830039940774,4.291383332994883,0.9984580498866213,4.298010651005503,88108,1.0,0.45705186534117415,true,,2026-09-08T10:17:54.612424+00:00
paper_baseline,66,3,20.0,20.0,8.0,50,0.015426875004777685,82.78053516699583,0.007372583000687882,82.8033346250013,19.99238095238095,4.141744538693377,1763372,1.0,0.20480808927723074,true,,2026-09-08T10:17:58.940964+00:00
paper_baseline,67,3,5.0,5.0,8.0,5,0.013880541999242269,8.972219707997283,0.004253249993780628,8.990353499990306,4.992290249433107,1.800847517031125,440364,1.0,0.2945316595302582,true,,2026-09-08T10:19:21.821084+00:00
paper_baseline,68,3,10.0,10.0,8.0,10,0.013361292003537528,19.12308779200248,0.004897416001767851,19.141346500007785,9.996190476190476,1.9148641220472729,881708,1.0,0.2533120043599569,true,,2026-09-08T10:19:30.849708+00:00
paper_baseline,69,3,3.0,3.0,8.0,1,0.010829500010004267,5.26674125000136,0.005172958990442567,5.282743709001807,2.995374149659864,1.7636340053217332,264236,1.0,0.45314003461509467,true,,2026-09-08T10:19:50.046206+00:00
paper_baseline,70,3,1.0,1.0,8.0,25,0.010071041993796825,10.513585583001259,0.005784167005913332,10.529440792000969,0.9984580498866213,10.545701737991523,88108,1.0,0.17159700778064474,true,,2026-09-08T10:19:55.375609+00:00
paper_baseline,71,3,10.0,10.0,8.0,5,0.015717583999503404,13.263432166000712,0.006988917011767626,13.286138667011983,9.996190476190476,1.3291201982052765,881708,1.0,0.24820146578716096,true,,2026-09-08T10:20:05.944982+00:00
paper_baseline,72,3,5.0,5.0,8.0,50,0.009880917001282796,28.68822850000288,0.0065887079981621355,28.704698125002324,4.992290249433107,5.749805538302155,440364,0.999969482421875,0.19184203185014526,true,,2026-09-08T10:20:19.282702+00:00
paper_baseline,73,3,30.0,30.0,8.0,10,0.01783383300062269,52.9727267499984,0.018492249990231358,53.009052832989255,29.98857142857143,1.767641815124451,2645036,1.0,0.26210347928242556,true,,2026-09-08T10:20:48.034231+00:00
paper_baseline,74,3,3.0,3.0,8.0,10,0.013570333001553081,8.470474542002194,0.004348332993686199,8.488393207997433,2.995374149659864,2.8338340333748695,264236,1.0,0.21674870332799362,true,,2026-09-08T10:21:41.096232+00:00
paper_baseline,75,3,5.0,5.0,8.0,25,0.013150416998541914,18.30611887499981,0.006775957997888327,18.32604524999624,4.992290249433107,3.6708693474056786,440364,1.0,0.21317145387432268,true,,2026-09-08T10:21:49.637471+00:00
paper_baseline,76,3,30.0,30.0,8.0,25,0.02619941599550657,76.3698417499836,0.04113100000540726,76.43717216598452,29.98857142857143,2.5488767395288283,2645036,1.0,0.22720174001225976,true,,2026-09-08T10:22:08.135738+00:00
paper_baseline,77,3,20.0,20.0,8.0,5,0.02879358400241472,29.456391999992775,0.009995415981393307,29.495180999976583,19.99238095238095,1.4753210770758105,1763372,1.0,0.332871382995455,true,,2026-09-08T10:23:24.638082+00:00
paper_baseline,78,3,10.0,10.0,8.0,50,0.017965665989322588,45.749901917006355,0.005903791985474527,45.77377137498115,9.996190476190476,4.579121564760881,881708,1.0,0.19838206372896616,true,,2026-09-08T10:23:54.176681+00:00
paper_baseline,79,3,20.0,20.0,8.0,10,0.019498667010338977,33.17061287499382,0.00829620799049735,33.19840774999466,19.99238095238095,1.660552979110823,1763372,1.0,0.2671299120518645,true,,2026-09-08T10:24:40.018628+00:00
paper_baseline,80,3,1.0,1.0,8.0,50,0.010735916992416605,18.130794083001092,0.005414749990450218,18.14694474998396,0.9984580498866213,18.174969646491018,88108,0.999969482421875,0.17176624323648984,true,,2026-09-08T10:25:13.313915+00:00
paper_baseline,81,3,5.0,5.0,8.0,10,0.012892707978608087,11.742143667011987,0.0030847080051898956,11.758121082995785,4.992290249433107,2.355255903706914,440364,1.0,0.2481185781542412,true,,2026-09-08T10:25:31.505036+00:00
paper_baseline,82,3,1.0,1.0,8.0,10,0.010536499990848824,6.272227416018723,0.0033944589958991855,6.286158375005471,0.9984580498866213,6.295866286740126,88108,1.0,0.2537909749247004,true,,2026-09-08T10:25:43.303628+00:00
paper_baseline,83,3,3.0,3.0,8.0,25,0.010858624998945743,14.15082458301913,0.008037874998990446,14.169721083017066,2.995374149659864,4.7305346093829685,264236,1.0,0.1845740381624918,true,,2026-09-08T10:25:49.633465+00:00
paper_baseline,84,3,5.0,5.0,8.0,1,0.010636166989570484,7.233009000017773,0.01207500000600703,7.255720167013351,4.992290249433107,1.453385080692627,440364,1.0,0.5142104481492922,true,,2026-09-08T10:26:03.850076+00:00
paper_baseline,85,3,10.0,10.0,8.0,1,0.016312957974150777,13.016732709016651,0.006324082991341129,13.039369749982143,9.996190476190476,1.304433902199052,881708,1.0,0.4682524158312656,true,,2026-09-08T10:26:11.156245+00:00
paper_baseline,86,3,30.0,30.0,8.0,1,0.015436832996783778,37.23257033401751,0.011243749991990626,37.259250917006284,29.98857142857143,1.2424483442218177,2645036,1.0,0.46662680942813217,true,,2026-09-08T10:26:24.246488+00:00
paper_baseline,87,3,1.0,1.0,8.0,5,0.009410915983607993,4.976085417001741,0.0035948330187238753,4.989091166004073,0.9984580498866213,4.99679597612599,88108,1.0,0.2331691255472447,true,,2026-09-08T10:27:01.548155+00:00
paper_baseline,88,3,3.0,3.0,8.0,50,0.010847541998373345,22.51537512501818,0.0038457080081570894,22.53006837502471,2.995374149659864,7.521620755651872,264236,1.0,0.16872593135971484,true,,2026-09-08T10:27:06.583949+00:00
paper_baseline,89,3,20.0,20.0,8.0,25,0.013288665999425575,52.41306837499724,0.00782316699041985,52.43418020798708,19.99238095238095,2.622708137308805,1763372,1.0,0.22800085225935568,true,,2026-09-08T10:27:29.177540+00:00
paper_baseline,90,3,3.0,3.0,8.0,5,0.009813417011173442,6.08213708299445,0.00589208398014307,6.097842583985766,2.995374149659864,2.03575322457737,264236,1.0,0.25453125536722654,true,,2026-09-08T10:28:21.653455+00:00
followup_high_steps,1,1,10.0,10.0,8.0,110,0.010440917016239837,68.46947045798879,0.004602250002790242,68.48451362500782,9.996190476190476,6.851061290611492,881708,1.0,0.17191269569003634,true,,2026-09-09T10:43:43.521689+00:00
followup_high_steps,2,1,5.0,5.0,8.0,70,0.008940790983615443,33.26902383400011,0.0037508750101551414,33.28171549999388,4.992290249433107,6.666622699626317,440364,0.999969482421875,0.17602153662904896,true,,2026-09-09T10:44:52.048573+00:00
followup_high_steps,3,1,5.0,5.0,8.0,60,0.009095291025005281,27.471893666981487,0.0034239579981658608,27.484412916004658,4.992290249433107,5.505371591550714,440364,1.0,0.18953813842141976,true,,2026-09-09T10:45:25.365881+00:00
followup_high_steps,4,1,10.0,10.0,8.0,100,0.012242249998962507,63.517062625003746,0.0052900409791618586,63.53459491598187,9.996190476190476,6.355880779514193,881708,1.0,0.1841391063532567,true,,2026-09-09T10:45:52.888625+00:00
followup_high_steps,5,1,10.0,10.0,8.0,90,0.010697958001401275,58.227217709005345,0.004511707986239344,58.242427374992985,9.996190476190476,5.82646234220109,881708,1.0,0.18758330891806335,true,,2026-09-09T10:46:56.505643+00:00
followup_high_steps,6,1,10.0,10.0,8.0,120,0.011285082990070805,73.40594654198503,0.006842958013294265,73.4240745829884,9.996190476190476,7.345205631872886,881708,1.0,0.180065514697862,true,,2026-09-09T10:47:54.828059+00:00
followup_high_steps,7,1,5.0,5.0,8.0,100,0.008657874976051971,41.583745875017485,0.0036868339811917394,41.59609058397473,4.992290249433107,8.332065746517467,440364,1.0,0.18040191411106088,true,,2026-09-09T10:49:08.300063+00:00
followup_high_steps,8,1,10.0,10.0,8.0,60,0.010615292005240917,41.47835154097993,0.004566500021610409,41.49353333300678,9.996190476190476,4.150934641735625,881708,1.0,0.18784311150565747,true,,2026-09-09T10:49:49.950341+00:00
followup_high_steps,9,1,10.0,10.0,8.0,80,0.010780000011436641,52.35612370798481,0.005952875013463199,52.37285658300971,9.996190476190476,5.239281575091482,881708,1.0,0.17778280629887108,true,,2026-09-09T10:50:31.498549+00:00
followup_high_steps,10,1,5.0,5.0,8.0,80,0.00871904200175777,33.58939520799322,0.004592957993736491,33.602707207988715,4.992290249433107,6.7309201847397455,440364,1.0,0.19262522342293778,true,,2026-09-09T10:51:23.918718+00:00
followup_high_steps,11,1,5.0,5.0,8.0,90,0.009523958986392245,37.685034666006686,0.005925874982494861,37.70048449997557,4.992290249433107,7.551741308361749,440364,0.999969482421875,0.1788987765064513,true,,2026-09-09T10:51:57.564363+00:00
followup_high_steps,12,1,5.0,5.0,8.0,120,0.01044937502592802,48.52108291699551,0.00480795800103806,48.53634025002248,4.992290249433107,9.722259288817183,440364,1.0,0.1660962687245905,true,,2026-09-09T10:52:35.309153+00:00
followup_high_steps,13,1,10.0,10.0,8.0,70,0.011891208007000387,45.487424458988244,0.006697541015455499,45.5060132080107,9.996190476190476,4.5523355438654,881708,1.0,0.18086469223331678,true,,2026-09-09T10:53:23.879168+00:00
followup_high_steps,14,1,5.0,5.0,8.0,110,0.010889583005337045,44.892411625012755,0.004049332987051457,44.907350541005144,4.992290249433107,8.995340474465511,440364,1.0,0.17443202088048237,true,,2026-09-09T10:54:09.429897+00:00
followup_high_steps,15,2,10.0,10.0,8.0,70,0.013041875005001202,46.903113916981965,0.00564329102053307,46.9217990830075,9.996190476190476,4.693968086619463,881708,1.0,0.1857334101315764,true,,2026-09-09T10:54:54.383481+00:00
followup_high_steps,16,2,5.0,5.0,8.0,80,0.011650208994979039,36.68853312500869,0.0042902909917756915,36.704473624995444,4.992290249433107,7.352231499192856,440364,0.999969482421875,0.17838819156614402,true,,2026-09-09T10:55:41.350074+00:00
followup_high_steps,17,2,5.0,5.0,8.0,90,0.01048095797887072,40.31998079200275,0.005843332997756079,40.33630508297938,4.992290249433107,8.079719541058278,440364,1.0,0.19538502424100637,true,,2026-09-09T10:56:18.093739+00:00
followup_high_steps,18,2,5.0,5.0,8.0,120,0.009806082991417497,51.84936008299701,0.005713541992008686,51.864879707980435,4.992290249433107,10.388995254005891,440364,1.0,0.18234028447008124,true,,2026-09-09T10:56:58.473590+00:00
followup_high_steps,19,2,10.0,10.0,8.0,120,0.011942707991693169,72.68352550000418,0.005544417013879865,72.70101262500975,9.996190476190476,7.27287188036016,881708,1.0,0.18000388773528628,true,,2026-09-09T10:57:50.377976+00:00
followup_high_steps,20,2,5.0,5.0,8.0,100,0.010445374995470047,40.965432458993746,0.003167625021887943,40.979045459011104,4.992290249433107,8.208466137092977,440364,1.0,0.18619208732870593,true,,2026-09-09T10:59:03.120976+00:00
followup_high_steps,21,2,5.0,5.0,8.0,60,0.011042583995731547,26.23654129100032,0.005383583978982642,26.252967458975036,4.992290249433107,5.2587021481686005,440364,0.999969482421875,0.18105940580664295,true,,2026-09-09T10:59:44.138730+00:00
followup_high_steps,22,2,10.0,10.0,8.0,90,0.012238333001732826,56.34573720800108,0.00495299999602139,56.36292854099884,9.996190476190476,5.638440831559525,881708,1.0,0.18749915560469949,true,,2026-09-09T11:00:10.429414+00:00
followup_high_steps,23,2,10.0,10.0,8.0,110,0.01654637500178069,68.21414962498238,0.008365709014469758,68.23906170899863,9.996190476190476,6.8265067448979195,881708,1.0,0.18487783875988759,true,,2026-09-09T11:01:06.837682+00:00
followup_high_steps,24,2,5.0,5.0,8.0,70,0.010398665996035561,30.2771637919941,0.003426208015298471,30.290988666005433,4.992290249433107,6.0675535981597,440364,1.0,0.190196205165055,true,,2026-09-09T11:02:15.116861+00:00
followup_high_steps,25,2,5.0,5.0,8.0,110,0.01057687500724569,51.1990496670187,0.005001332989195362,51.21462787501514,4.992290249433107,10.258744046548726,440364,1.0,0.1787139538310926,true,,2026-09-09T11:02:45.443778+00:00
followup_high_steps,26,2,10.0,10.0,8.0,100,0.01180416700663045,64.0954719169822,0.006709083012538031,64.11398516700137,9.996190476190476,6.413841885037295,881708,1.0,0.17616772387028198,true,,2026-09-09T11:03:36.739958+00:00
followup_high_steps,27,2,10.0,10.0,8.0,80,0.01239187500323169,52.934631415992044,0.004825917014386505,52.95184920800966,9.996190476190476,5.2972029028591985,881708,1.0,0.174252639313096,true,,2026-09-09T11:04:40.944077+00:00
followup_high_steps,28,2,10.0,10.0,8.0,60,0.010360540996771306,41.23813920901739,0.006762957986211404,41.25526270800037,9.996190476190476,4.1270984987995805,881708,1.0,0.1775768390294247,true,,2026-09-09T11:05:33.934953+00:00
followup_high_steps,29,3,5.0,5.0,8.0,80,0.013539332983782515,34.93508695802302,0.0054521249840036035,34.95407841599081,4.992290249433107,7.001611819336821,440364,0.999969482421875,0.18238041949881603,true,,2026-09-09T11:06:15.238869+00:00
followup_high_steps,30,3,10.0,10.0,8.0,70,0.011469291988760233,46.548610958008794,0.006695499992929399,46.566775749990484,9.996190476190476,4.65845222346513,881708,1.0,0.1927136962905465,true,,2026-09-09T11:06:50.238374+00:00
followup_high_steps,31,3,10.0,10.0,8.0,80,0.01231954200193286,51.825581790995784,0.00664049998158589,51.8445418329793,9.996190476190476,5.186429966142175,881708,1.0,0.1811170686956653,true,,2026-09-09T11:07:36.842715+00:00
followup_high_steps,32,3,5.0,5.0,8.0,70,0.013991541985888034,30.54603291701642,0.003884749981807545,30.563909208984114,4.992290249433107,6.122222002708027,440364,1.0,0.18156747951246038,true,,2026-09-09T11:08:28.737263+00:00
followup_high_steps,33,3,10.0,10.0,8.0,120,0.011732457991456613,74.37790970900096,0.0065202910045627505,74.39616245799698,9.996190476190476,7.442451465405567,881708,1.0,0.1844047150008584,true,,2026-09-09T11:08:59.344132+00:00
followup_high_steps,34,3,10.0,10.0,8.0,90,0.025954832992283627,57.4303825829993,0.007154042017646134,57.46349145800923,9.996190476190476,5.748539065444902,881708,1.0,0.1892161285747032,true,,2026-09-09T11:10:13.836997+00:00
followup_high_steps,35,3,5.0,5.0,8.0,120,0.013130249979440123,47.73284550002427,0.004569291981169954,47.75054504198488,4.992290249433107,9.564857541567646,440364,1.0,0.1754620851828081,true,,2026-09-09T11:11:11.343527+00:00
followup_high_steps,36,3,10.0,10.0,8.0,110,0.011349124979460612,67.03954158301349,0.004827833006856963,67.0557185409998,9.996190476190476,6.708127331178525,881708,1.0,0.18074564588880193,true,,2026-09-09T11:11:59.136018+00:00
followup_high_steps,37,3,5.0,5.0,8.0,110,0.009874334005871788,45.73864612498437,0.005282166006509215,45.75380262499675,4.992290249433107,9.164892331769426,440364,1.0,0.1783451703824065,true,,2026-09-09T11:13:06.232006+00:00
followup_high_steps,38,3,10.0,10.0,8.0,60,0.01264304100186564,41.03469245901215,0.0051195409905631095,41.05245504100458,9.996190476190476,4.106810003149277,881708,1.0,0.1862226784259117,true,,2026-09-09T11:13:52.060193+00:00
followup_high_steps,39,3,5.0,5.0,8.0,60,0.010318541986634955,27.4300304579956,0.003986958006862551,27.444335957989097,4.992290249433107,5.497343821526704,440364,1.0,0.19187427016339076,true,,2026-09-09T11:14:33.189909+00:00
followup_high_steps,40,3,5.0,5.0,8.0,100,0.009882541984552518,41.45604279200779,0.00414008300867863,41.470065417001024,4.992290249433107,8.306821788198333,440364,1.0,0.18096510666107726,true,,2026-09-09T11:15:00.675643+00:00
followup_high_steps,41,3,10.0,10.0,8.0,100,0.009965374978492036,61.64504129200941,0.005364333017496392,61.6603710000054,9.996190476190476,6.168386961700235,881708,1.0,0.17551523556872536,true,,2026-09-09T11:15:42.187955+00:00
followup_high_steps,42,3,5.0,5.0,8.0,90,0.009968708996893838,37.75920495801256,0.004080999991856515,37.77325466700131,4.992290249433107,7.566317818017613,440364,1.0,0.16865988575092736,true,,2026-09-09T11:16:43.888712+00:00
